{
  "platform-backend\\auth.py": 1773812862.4857838,
  "platform-backend\\crud.py": 1773812854.3700643,
  "platform-backend\\database.py": 1771138756.8317873,
  "platform-backend\\main.py": 1773811261.7226577,
  "platform-backend\\models.py": 1773819210.99317,
  "platform-backend\\patch_db.py": 1773742994.1341648,
  "platform-backend\\patch_db_indexes.py": 1773809956.041109,
  "platform-backend\\schemas.py": 1771133771.6989665,
  "platform-backend\\security.py": 1773812850.942394,
  "platform-backend\\verify_index_fix.py": 1773809993.9517386,
  "platform-backend\\__init__.py": 1773674164.0820315,
  "platform-backend\\generator\\builder.py": 1775500338.5770826,
  "platform-backend\\generator\\solidity_transpiler.py": 1773810769.9511247,
  "platform-backend\\generator\\validator.py": 1772477270.8683462,
  "platform-backend\\generator\\__init__.py": 1771138949.412217,
  "platform-backend\\routers\\auth.py": 1773686248.0054204,
  "platform-backend\\routers\\generate.py": 1773686271.5753818,
  "platform-backend\\routers\\projects.py": 1773819211.0226843,
  "platform-backend\\routers\\__init__.py": 1771138947.496133,
  "platform-backend\\tests_and_outputs\\reproduce_issue.py": 1771152785.2847252,
  "platform-backend\\tests_and_outputs\\verify_core_integration.py": 1771517143.3420715,
  "platform-backend\\tests_and_outputs\\verify_delete.py": 1771489880.2519205,
  "platform-backend\\tests_and_outputs\\verify_generation.py": 1771430804.70384,
  "platform-backend\\tests_and_outputs\\verify_smart_contracts.py": 1771599608.8676908,
  "platform-frontend\\next-env.d.ts": 1774457682.8397825,
  "platform-frontend\\next.config.ts": 1771096325.489412,
  "platform-frontend\\src\\app\\layout.tsx": 1773243788.0336535,
  "platform-frontend\\src\\app\\page.tsx": 1773244413.2657907,
  "platform-frontend\\src\\app\\dashboard\\page.tsx": 1773811627.202978,
  "platform-frontend\\src\\app\\login\\page.tsx": 1773811603.0810974,
  "platform-frontend\\src\\app\\projects\\create\\page.tsx": 1775499060.142968,
  "platform-frontend\\src\\app\\projects\\[id]\\page.tsx": 1773811635.714217,
  "platform-frontend\\src\\app\\register\\page.tsx": 1773811614.8654106,
  "platform-frontend\\src\\components\\theme-provider.tsx": 1773243784.2684577,
  "platform-frontend\\src\\components\\theme-toggle.tsx": 1773243785.97723,
  "platform-frontend\\src\\components\\layout\\header.tsx": 1773243804.7735775,
  "platform-frontend\\src\\components\\smart-contracts\\CodeEditor.tsx": 1775500323.0959358,
  "platform-frontend\\src\\components\\smart-contracts\\IntegrationModal.tsx": 1773811648.988792,
  "platform-frontend\\src\\components\\smart-contracts\\SmartContractList.tsx": 1775500293.8281589,
  "platform-frontend\\src\\components\\smart-contracts\\templates.ts": 1775500259.4880004,
  "platform-frontend\\src\\components\\ui\\button.tsx": 1771134259.1600742,
  "platform-frontend\\src\\components\\ui\\card.tsx": 1771133465.2141862,
  "platform-frontend\\src\\components\\ui\\input.tsx": 1771133442.696694,
  "platform-frontend\\src\\components\\ui\\label.tsx": 1771133467.013564,
  "platform-frontend\\src\\components\\ui\\modal.tsx": 1771520110.1649942,
  "platform-frontend\\src\\components\\ui\\select.tsx": 1771133581.6149304,
  "platform-frontend\\src\\components\\ui\\selection-card.tsx": 1771153796.1411014,
  "platform-frontend\\src\\components\\ui\\textarea.tsx": 1771516587.3448884,
  "platform-frontend\\src\\lib\\api.ts": 1773811590.818476,
  "platform-frontend\\src\\lib\\utils.ts": 1771133426.9158995,
  "platform-frontend\\src\\store\\auth.ts": 1771133424.283544,
  "platform-frontend\\src\\store\\wizard.ts": 1775499032.6684005,
  "templates\\chain_core\\debug.py": 1771617020.0071409,
  "templates\\chain_core\\di.py": 1773688056.1186564,
  "templates\\chain_core\\main.py": 1774335448.88313,
  "templates\\chain_core\\__init__.py": 1773674109.8481114,
  "templates\\chain_core\\api\\server.py": 1774335377.7287173,
  "templates\\chain_core\\core\\block.py": 1772383549.1285985,
  "templates\\chain_core\\core\\chain.py": 1773673786.9953637,
  "templates\\chain_core\\core\\crypto.py": 1772342832.9092846,
  "templates\\chain_core\\core\\mempool.py": 1772361005.549646,
  "templates\\chain_core\\core\\merkle.py": 1773657117.5222952,
  "templates\\chain_core\\core\\persistence.py": 1774335426.1669326,
  "templates\\chain_core\\core\\__init__.py": 1773674110.6590817,
  "templates\\chain_core\\interfaces\\consensus.py": 1772622881.863855,
  "templates\\chain_core\\interfaces\\network.py": 1772380907.6132905,
  "templates\\chain_core\\interfaces\\sync.py": 1772380885.732742,
  "templates\\chain_core\\interfaces\\vm.py": 1771430431.7130027,
  "templates\\chain_core\\interfaces\\__init__.py": 1773674111.535944,
  "templates\\chain_core\\modules\\__init__.py": 1773674112.3561196,
  "templates\\chain_core\\modules\\consensus\\hotstuff.py": 1773678604.9695745,
  "templates\\chain_core\\modules\\consensus\\none.py": 1772622980.7212274,
  "templates\\chain_core\\modules\\consensus\\paxos.py": 1773678704.6695888,
  "templates\\chain_core\\modules\\consensus\\pbft.py": 1773744474.2576747,
  "templates\\chain_core\\modules\\consensus\\poa.py": 1772622906.395483,
  "templates\\chain_core\\modules\\consensus\\pos.py": 1772622937.8360574,
  "templates\\chain_core\\modules\\consensus\\pow.py": 1772384122.5452442,
  "templates\\chain_core\\modules\\consensus\\raft.py": 1773670935.2222123,
  "templates\\chain_core\\modules\\consensus\\tendermint.py": 1773678562.6044514,
  "templates\\chain_core\\modules\\consensus\\__init__.py": 1773674113.1957054,
  "templates\\chain_core\\modules\\network\\p2p.py": 1774335472.2287402,
  "templates\\chain_core\\modules\\smart_contracts\\AccessControl.py": 1771786007.280261,
  "templates\\chain_core\\modules\\smart_contracts\\AdminControl.py": 1771786007.2944643,
  "templates\\chain_core\\modules\\smart_contracts\\AuditLog.py": 1771786007.2835562,
  "templates\\chain_core\\modules\\smart_contracts\\AuthorityManagement.py": 1771786007.2871473,
  "templates\\chain_core\\modules\\smart_contracts\\CertificateAuthority.py": 1771786007.3011553,
  "templates\\chain_core\\modules\\smart_contracts\\Contract_registry.py": 1772564648.3189287,
  "templates\\chain_core\\modules\\smart_contracts\\DataStore.py": 1771786007.2761626,
  "templates\\chain_core\\modules\\smart_contracts\\IdentityRegistry.py": 1771786007.2812796,
  "templates\\chain_core\\modules\\smart_contracts\\MiningReward.py": 1771786007.2861457,
  "templates\\chain_core\\modules\\smart_contracts\\MultiSig.py": 1771786007.2996404,
  "templates\\chain_core\\modules\\smart_contracts\\Participation.py": 1771786007.2835562,
  "templates\\chain_core\\modules\\smart_contracts\\ProofVerifier.py": 1771786007.2916696,
  "templates\\chain_core\\modules\\smart_contracts\\Staking.py": 1771786007.288676,
  "templates\\chain_core\\modules\\smart_contracts\\Validation.py": 1771786007.2777524,
  "templates\\chain_core\\modules\\smart_contracts\\ValidatorCouncil.py": 1771786007.2969375,
  "templates\\chain_core\\modules\\smart_contracts\\ValidatorElection.py": 1771786007.289672,
  "templates\\chain_core\\modules\\smart_contracts\\Whitelist.py": 1771786007.2955482,
  "templates\\chain_core\\modules\\sync\\batch.py": 1771652647.5595744,
  "templates\\chain_core\\modules\\sync\\fast.py": 1773670935.23181,
  "templates\\chain_core\\modules\\sync\\full.py": 1772384711.9340887,
  "templates\\chain_core\\modules\\sync\\light.py": 1773603318.625991,
  "templates\\chain_core\\modules\\sync\\realtime.py": 1773603416.2058613,
  "templates\\chain_core\\modules\\sync\\snapshot.py": 1773603358.4292934,
  "templates\\chain_core\\modules\\vm\\evm.py": 1773678288.1077583,
  "templates\\chain_core\\modules\\vm\\python_vm.py": 1773678290.1293957,
  "templates\\chain_core\\modules\\vm\\vyper_engine.py": 1773678292.0942442,
  "templates\\chain_core\\modules\\vm\\wasm.py": 1773678293.264791,
  "templates\\chain_core\\modules\\vm\\__init__.py": 1773674114.021643,